{
  "IcoMoonType": "selection",
  "icons": [
    {
      "icon": {
        "paths": [
          "M128 32h768c53.019 0 96 42.981 96 96v768c0 53.019-42.981 96-96 96h-768c-53.019 0-96-42.981-96-96v-768c0-53.019 42.981-96 96-96z",
          "M128 32h768c53.019 0 96 42.981 96 96v768c0 53.019-42.981 96-96 96h-768c-53.019 0-96-42.981-96-96v-768c0-53.019 42.981-96 96-96z",
          "M732.518 272.324c11.059-10.586 25.773-16.438 41.043-16.322s29.901 6.191 40.8 16.944c10.899 10.753 17.216 25.342 17.619 40.689s-5.139 30.252-15.456 41.568l-313.256 393.878c-5.387 5.83-11.888 10.509-19.115 13.76s-15.032 4.998-22.947 5.146c-7.916 0.147-15.779-1.312-23.121-4.288s-14.011-7.411-19.608-13.043l-207.737-208.855c-5.786-5.42-10.426-11.955-13.644-19.217s-4.949-15.101-5.089-23.050c-0.14-7.949 1.315-15.844 4.276-23.215s7.37-14.068 12.961-19.69c5.592-5.621 12.252-10.053 19.584-13.030s15.185-4.44 23.091-4.3c7.906 0.14 15.703 1.88 22.926 5.116s13.724 7.901 19.114 13.717l164.399 165.207 272.666-349.279c0.486-0.608 1.011-1.187 1.568-1.736h-0.077z"
        ],
        "attrs": [
          {
            "fill": "rgb(64, 75, 191)"
          },
          {
            "fill": "none",
            "stroke": "rgb(64, 75, 191)",
            "strokeLinejoin": "miter",
            "strokeLinecap": "butt",
            "strokeMiterlimit": "4",
            "strokeWidth": 64
          },
          {
            "fill": "rgb(244, 244, 253)"
          }
        ],
        "isMulticolor": true,
        "isMulticolor2": true,
        "grid": 0,
        "tags": [
          "Property 1=click"
        ],
        "colorPermutations": {
          "244244253164751911": [
            {
              "f": 0
            },
            {
              "s": 0
            },
            {
              "f": 1
            }
          ]
        }
      },
      "attrs": [
        {
          "fill": "rgb(64, 75, 191)"
        },
        {
          "fill": "none",
          "stroke": "rgb(64, 75, 191)",
          "strokeLinejoin": "miter",
          "strokeLinecap": "butt",
          "strokeMiterlimit": "4",
          "strokeWidth": 64
        },
        {
          "fill": "rgb(244, 244, 253)"
        }
      ],
      "properties": {
        "order": 16,
        "id": 0,
        "name": "Property-1click",
        "prevSize": 32
      },
      "setIdx": 0,
      "setId": 6,
      "iconIdx": 0
    },
    {
      "icon": {
        "paths": [
          "M917.806 229.076c-22.212-30.292-53.174-65.7-87.178-99.704s-69.412-64.964-99.704-87.178c-51.574-37.82-76.592-42.194-90.924-42.194h-496c-44.112 0-80 35.888-80 80v864c0 44.112 35.888 80 80 80h736c44.112 0 80-35.888 80-80v-624c0-14.332-4.372-39.35-42.194-90.924zM785.374 174.626c30.7 30.7 54.8 58.398 72.58 81.374h-153.954v-153.946c22.984 17.78 50.678 41.878 81.374 72.572zM896 944c0 8.672-7.328 16-16 16h-736c-8.672 0-16-7.328-16-16v-864c0-8.672 7.328-16 16-16 0 0 495.956-0.002 496 0v224c0 17.672 14.326 32 32 32h224v624z"
        ],
        "tags": [
          "file-empty",
          "file",
          "document",
          "paper",
          "page",
          "new",
          "empty",
          "blank"
        ],
        "defaultCode": 59684,
        "grid": 16,
        "attrs": []
      },
      "attrs": [],
      "properties": {
        "ligatures": "file-empty, file3",
        "name": "file-empty",
        "order": 10,
        "id": 37,
        "prevSize": 32
      },
      "setIdx": 5,
      "setId": 1,
      "iconIdx": 35
    }
  ],
  "height": 1024,
  "preferences": {
    "showGlyphs": true,
    "showQuickUse": true,
    "showQuickUse2": true,
    "showSVGs": true,
    "fontPref": {
      "prefix": "icon-",
      "metadata": {
        "fontFamily": "icomoon"
      },
      "metrics": {
        "emSize": 1024,
        "baseline": 6.25,
        "whitespace": 50
      },
      "embed": false
    },
    "imagePref": {
      "prefix": "icon-",
      "png": true,
      "useClassSelector": true,
      "color": 0,
      "bgColor": 16777215,
      "classSelector": ".icon",
      "name": "icomoon"
    },
    "historySize": 50,
    "showCodes": true,
    "gridSize": 16
  }
}